INSERT INTO KHACHHANG (MAKH, HOTEN, DCHI, SODT, NGSINH, NGDK)
VALUES
	('KH01', N'Nguyễn Văn A', N'731 Trần Hưng Đạo, Q5, TPHCM', '0882345100', '1960-10-22', '1960-10-22'),
	('KH02', N'Trần Ngọc Hanh', N'23/5, Nguyễn Trãi, Q5, Tp HCM', '0908256478', '1974-04-03', '2006-07-30'),
	('KH03', N'Trần Ngọc Linh', N'45, Nguyễn Cảnh Chân, Q1, Tp HCM', '0938776266', '1980-06-12', '2006-08-05'),
	('KH04', N'Trần Minh Long', N'50/34 Lê Đại Hành, Q10, Tp HCM', '0917325476', '1965-03-09', '2006-10-02'),
	('KH05', N'Lê Nhật Minh', N'34, Trường Đinh, Q3, Tp HCM', '0824610800', '1950-03-10', '2006-10-28'),
	('KH06', N'Lê Hoài Thương', N'227, Nguyễn Văn Cừ, Q5, Tp HCM', '0863173800', '1981-12-31', '2006-11-24'),
	('KH07', N'Nguyễn Văn Tâm', N'32/3, Trần Bình Trọng, Q5, Tp HCM', '0916783565', '1971-04-06', '2006-12-01'),
	('KH08', N'Phan Thị Thanh', N'45/2, An Dương Vương, Q5, Tp HCM', '0938435756', '1971-01-10', '2006-12-13'),
	('KH09', N'Lê Hà Vinh', N'873, Lê Hồng Phong, Q5, Tp HCM', '0865476300', '1979-09-03', '2007-01-14'),
	('KH10', N'Hà Duy Lập', N'34/34B, Nguyễn Trãi, Q1, Tp HCM', '0876890400', '1983-05-02', '2007-01-16'),
	('KH11', N'Nguyễn Thị An', N'10 Nguyễn Văn Bảo, Q1, TPHCM', '0901111111', '1990-02-15', '2022-01-01'),
	('KH12', N'Trần Văn Bình', N'20 Lê Lợi, Q2, Tp HCM', '0912589222', '1985-07-20', '2021-05-10'),
	('KH13', N'Lê Thị Cẩm', N'30 Trần Hưng Đạo, Q3, Tp HCM', '0929362333', '1992-11-02', '2019-11-15'),
	('KH14', N'Phạm Đình Dương', N'40 Nguyễn Huệ, Q4, Tp HCM', '0934419244', '1980-04-25', '2022-03-20'),
	('KH15', N'Hoàng Văn E', N'50 Cách Mạng, Q5, Tp HCM', '0945078555', '1976-09-12', '2018-08-01'),
	('KH16', N'Nguyễn Thị F', N'60 Trần Phú, Q6, Tp HCM', '0956664566', '1988-06-05', '2020-07-15'),
	('KH17', N'Trần Văn Gia', N'70 Nguyễn Bỉnh Khiêm, Q7, Tp HCM', '0967777777', '1995-03-18', '2023-02-10'),
	('KH18', N'Lê Thị Hà', N'80 Lê Đại Hành, Q8, Tp HCM', '0978328828', '1982-12-01', '2020-11-25'),
	('KH19', N'Phạm Văn I', N'90 Trường Sơn, Q9, Tp HCM', '0989976299', '1979-08-07', '2019-06-20'),
	('KH20', N'Hoàng Thị K', N'100 Phan Xích Long, Q10, Tp HCM', '0999264800', '1987-05-30', '2021-04-05');

INSERT INTO NHANVIEN (MANV, HOTEN, SODT, NGVL)
VALUES 
	('NV01', N'Ngô Văn Tá', '0988812348', '2015-05-01'),
	('NV02', N'Lê Thị Hồng', '099846446', '2016-02-10'),
	('NV03', N'Trần Văn Cường', '0933235633', '2017-09-20'),
	('NV04', N'Lê Thị Lan', '0987936477', '2015-09-01'),
    ('NV05', N'Lê Văn Mạnh', '0976623466', '2016-06-10'),
    ('NV06', N'Nguyễn Thị Nga', '0969274655', '2017-03-20');
    
INSERT INTO SANPHAM(MASP, TENSP, DVT, NUOCSX, GIABAN) 
VALUES
	('BC01', N'Bút chì nhỏ', N'cây', N'Singapore', 5000),
	('BC02', N'Bút chì lớn', N'cây', N'Singapore', 12000),
	('BC03', N'Bút chì nhỏ', N'cây', N'Việt Nam', 4000),
	('BC04', N'Bút chì lớn (12 cây)', N'hộp', N'Việt Nam', 60000),
	('BB01', N'Bút bi', N'cây', N'Việt Nam', 15000),
	('BB02', N'Bút bi', N'cây', N'Trung Quốc', 7000),
	('BB03', N'Bút bi (10 cây)', N'hộp', N'Thái Lan', 100000),
	('TV01', N'Tập 100 giấy mỏng', N'quyển', N'Trung Quốc', 2500),
	('TV02', N'Tập 200 giấy mỏng', N'quyển', N'Trung Quốc', 4500),
	('TV03', N'Tập 100 giấy tốt', N'quyển', N'Việt Nam', 3000),
	('TV04', N'Tập 200 giấy tốt', N'quyển', N'Việt Nam', 5500),
	('TV05', N'Tập 100 trang', N'chục', N'Việt Nam', 23000),
	('TV06', N'Tập 200 trang', N'chục', N'Việt Nam', 53000),
	('TV07', N'Tập 100 trang', N'chục', N'Trung Quốc', 20000),
	('ST01', N'Sổ tay 500 trang', N'quyển', N'Trung Quốc', 40000),
	('ST02', N'Sổ tay loại 1', N'quyển', N'Việt Nam', 55000),
	('ST03', N'Sổ tay loại 2', N'quyển', N'Việt Nam', 51000),
	('ST04', N'Sổ tay', N'quyển', N'Thái Lan', 55000),
	('ST05', N'Sổ tay mỏng', N'quyển', N'Thái Lan', 20000),
	('PV01', N'Phấn viết bảng', N'hộp', N'Việt Nam', 50000),
	('PV02', N'Phấn không bụi', N'hộp', N'Việt Nam', 70000),
	('BL01', N'Bút lông', N'cây', N'Việt Nam', 15000),
	('BL02', N'Bút lông', N'cây', N'Trung Quốc', 10000);


INSERT INTO HOADON(SOHD, NGHD, MAKH, MANV, TRIGIA)
VALUES
	(1001, '2022-07-23', 'KH01', 'NV01', 320000),
	(1002, '2022-08-12', 'KH01', 'NV02', 840000),
	(1003, '2022-08-23', 'KH02', 'NV01', 100000),
	(1004, '2022-09-01', 'KH02', 'NV01', 180000),
	(1005, '2022-10-20', 'KH01', 'NV02', 3800000),
	(1006, '2022-10-16', 'KH01', 'NV03', 2430000),
	(1007, '2022-10-28', 'KH03', 'NV03', 510000),
	(1008, '2022-10-28', 'KH01', 'NV03', 440000),
	(1009, '2022-10-28', 'KH03', 'NV04', 200000),
	(1010, '2022-11-01', 'KH01', 'NV01', 5200000),
	(1011, '2022-11-04', 'KH04', 'NV03', 250000),
	(1012, '2022-11-30', 'KH05', 'NV03', 21000),
	(1013, '2022-12-12', 'KH06', 'NV01', 5000),
	(1014, '2022-12-31', 'KH03', 'NV02', 3150000),
	(1015, '2023-01-01', 'KH06', 'NV01', 910000),
	(1016, '2023-01-01', 'KH07', 'NV02', 12500),
	(1017, '2023-01-02', 'KH08', 'NV03', 35000),
	(1018, '2023-01-16', null, 'NV03', 7000),
	(1019, '2023-01-13', 'KH08', 'NV03', 330000),
	(1020, '2023-01-13', 'KH01', 'NV03', 30000),
	(1021, '2023-01-14', 'KH09', 'NV04', 70000),
	(1022, '2023-01-16', 'KH10', 'NV03', 67500),
	(1023, '2023-01-17', null, 'NV01', 330000);

INSERT INTO CTHD(SOHD, MASP, SL)
VALUES
	(1001, 'TV02', 10),
	(1001, 'ST01', 5),
	(1001, 'BC01', 5),
	(1001, 'BC02', 10),
	(1001, 'BL01', 10),
	(1002, 'BC04', 20),
	(1002, 'BB01', 20),
	(1002, 'BB02', 20),
	(1003, 'BB03', 10),
	(1004, 'TV01', 20),
	(1004, 'TV02', 20),
	(1004, 'TV03', 20),
	(1004, 'TV04', 20),
	(1005, 'TV05', 50),
	(1005, 'TV06', 50),
	(1006, 'TV07', 20),
	(1006, 'ST01', 30),
	(1006, 'ST02', 10),
	(1007, 'ST03', 10),
	(1008, 'ST04', 8),
	(1009, 'ST05', 10),
	(1010, 'TV07', 50),
	(1010, 'PV02', 50),
	(1010, 'BL02', 100),
	(1010, 'ST04', 50),
	(1010, 'TV03', 100),
	(1011, 'PV01', 50),
	(1012, 'PV02', 3),
	(1013, 'BL01', 5),
	(1014, 'BC02', 80),
	(1014, 'BB02', 100),
	(1014, 'BC04', 60),
	(1014, 'BB01', 50),
	(1015, 'BB02', 30),
	(1015, 'BB03', 7),
	(1016, 'TV01', 5),
	(1017, 'TV02', 1),
	(1017, 'TV03', 1),
	(1017, 'TV04', 5),
	(1018, 'ST04', 6),
	(1019, 'ST05', 1),
	(1019, 'PV01', 2),
	(1020, 'PV02', 10),
	(1021, 'BL02', 5),
	(1021, 'TV01', 7),
	(1021, 'TV02', 10),
	(1022, 'PV02', 1),
	(1023, 'ST04', 6);
